recency,frequency,monetary
18.91181216145147,2.0760998810939357,535.8768608799048
12.005019375379712,13.616022099447514,8003.713038674034
184.50157506467863,1.3184392699811203,342.9283266205161
70.57334424268865,4.081925675675675,1791.49840625
